{"cameraMode":{"drawMode":0,"name":"Shaded","section":"Shading Mode"},"sceneLighting":true,"audioPlay":false,"sceneViewState":{"showFog":true,"showMaterialUpdate":true,"showSkybox":true,"showFlares":true,"showImageEffects":true,"showParticleSystems":true},"in2DMode":false,"pivot":{"x":104.5199966430664,"y":4.054079055786133,"z":16.18050193786621},"rotation":{"x":-0.08714368939399719,"y":0.9116314649581909,"z":-0.2582000494003296,"w":-0.3076798617839813},"size":8.659456253051758,"orthographic":false}