{"cameraMode":{"drawMode":0,"name":"Shaded","section":"Shading Mode"},"sceneLighting":false,"audioPlay":false,"sceneViewState":{"showFog":true,"showMaterialUpdate":true,"showSkybox":false,"showFlares":true,"showImageEffects":true,"showParticleSystems":true},"in2DMode":false,"pivot":{"x":100.16960144042969,"y":3.6988887786865236,"z":95.67147827148438},"rotation":{"x":0.1142965778708458,"y":-0.43463456630706789,"z":0.05572117492556572,"w":0.8915852904319763},"size":21.28351593017578,"orthographic":false}