{"cameraMode":{"drawMode":0,"name":"Shaded","section":"Shading Mode"},"sceneLighting":true,"audioPlay":false,"sceneViewState":{"showFog":true,"showMaterialUpdate":true,"showSkybox":true,"showFlares":true,"showImageEffects":true,"showParticleSystems":true},"in2DMode":false,"pivot":{"x":100.16960144042969,"y":3.6988887786865236,"z":94.65481567382813},"rotation":{"x":0.12478850781917572,"y":-0.24092355370521546,"z":0.031252726912498477,"w":0.9619807600975037},"size":27.399059295654298,"orthographic":false}