{"cameraMode":{"drawMode":0,"name":"Shaded","section":"Shading Mode"},"sceneLighting":true,"audioPlay":false,"sceneViewState":{"showFog":true,"showMaterialUpdate":true,"showSkybox":true,"showFlares":true,"showImageEffects":true,"showParticleSystems":true},"in2DMode":false,"pivot":{"x":1.8430662155151368,"y":4.146624565124512,"z":-3.1196560859680177},"rotation":{"x":-0.026815572753548623,"y":0.7726508975028992,"z":-0.03271011263132095,"w":-0.6334205865859985},"size":10.0,"orthographic":false}